applicant_id,employment_type,credit_score,applicant_income,loan_amount,default
1,Contract,731.0,78406.0,8301.0,0
2,Contract,717.0,59130.0,6699.0,0
3,Salaried,713.0,71809.0,4456.0,1
4,Salaried,625.0,41497.0,20290.0,1
5,Salaried,652.0,64193.0,10890.0,0
6,Self-Employed,693.0,33349.0,13317.0,0
7,Self-Employed,553.0,90792.0,10816.0,1
8,Contract,617.0,35404.0,15399.0,1
9,Salaried,638.0,39108.0,20249.0,1
10,Salaried,625.0,39281.0,18153.0,1
11,Salaried,652.0,30239.0,22194.0,1
12,Self-Employed,648.0,61110.0,19578.0,0
13,Salaried,750.0,32161.0,10862.0,0
14,Salaried,624.0,109536.0,21070.0,1
15,Salaried,550.0,47631.0,2006.0,1
16,Contract,567.0,47074.0,13408.0,0
17,Self-Employed,583.0,84491.0,15951.0,1
18,Self-Employed,654.0,99879.0,19393.0,0
19,Contract,702.0,66364.0,12428.0,0
20,Salaried,,28553.0,22473.0,1
21,Salaried,595.0,49878.0,14954.0,1
22,Self-Employed,681.0,75693.0,10549.0,0
23,Salaried,758.0,48173.0,25261.0,0
24,Salaried,628.0,51235.0,20754.0,1
25,Salaried,637.0,73311.0,12859.0,1
26,Self-Employed,699.0,64861.0,18745.0,0
27,Self-Employed,679.0,96054.0,6779.0,1
28,Salaried,583.0,68499.0,15114.0,1
29,Salaried,486.0,48666.0,3354.0,1
30,Self-Employed,559.0,73496.0,17041.0,1
31,Salaried,725.0,46986.0,18488.0,0
32,Salaried,562.0,51403.0,17833.0,1
33,Salaried,,72526.0,23036.0,1
34,Contract,,82686.0,1000.0,0
35,Salaried,608.0,52329.0,27035.0,1
36,Self-Employed,568.0,69769.0,23555.0,1
37,Salaried,617.0,46677.0,15907.0,1
38,Self-Employed,611.0,57318.0,9177.0,1
39,Self-Employed,723.0,66517.0,8751.0,0
40,Salaried,656.0,43513.0,14997.0,1
41,Self-Employed,805.0,78395.0,10623.0,0
42,Contract,720.0,39719.0,11943.0,0
43,Self-Employed,671.0,28875.0,23774.0,1
44,Salaried,555.0,62856.0,12316.0,1
45,Salaried,643.0,63618.0,12100.0,1
46,Contract,607.0,64727.0,10851.0,0
47,Contract,656.0,32082.0,18353.0,0
48,Contract,607.0,87166.0,11733.0,1
49,Salaried,610.0,51018.0,15175.0,1
50,Salaried,759.0,71626.0,7183.0,0
51,Self-Employed,642.0,23794.0,11367.0,1
52,Salaried,,61782.0,16662.0,1
53,Salaried,620.0,56081.0,20351.0,1
54,Self-Employed,659.0,71986.0,14332.0,1
55,Contract,758.0,61903.0,9062.0,0
56,Salaried,577.0,34915.0,6594.0,1
57,Contract,651.0,42121.0,17710.0,1
58,Self-Employed,624.0,63881.0,3582.0,0
59,Self-Employed,692.0,67251.0,19238.0,0
60,Salaried,564.0,110525.0,22362.0,1
61,Self-Employed,738.0,45979.0,14985.0,0
62,Salaried,686.0,49036.0,21139.0,0
63,Salaried,666.0,27397.0,1215.0,0
64,Self-Employed,589.0,31401.0,14299.0,1
65,Contract,657.0,49288.0,13328.0,0
66,Self-Employed,756.0,41274.0,10554.0,0
67,Self-Employed,,76958.0,16542.0,1
68,Salaried,601.0,67401.0,21005.0,1
69,Salaried,593.0,48042.0,3486.0,1
70,Self-Employed,571.0,30732.0,12303.0,1
71,Salaried,725.0,56445.0,13901.0,0
72,Salaried,599.0,40202.0,2622.0,0
73,Self-Employed,614.0,69657.0,10314.0,0
74,Self-Employed,665.0,60770.0,13001.0,0
75,Salaried,536.0,30268.0,13819.0,1
76,Contract,640.0,58768.0,15223.0,1
77,Self-Employed,706.0,90640.0,13033.0,1
78,Salaried,739.0,18630.0,14439.0,1
79,Salaried,685.0,50798.0,24013.0,1
80,Salaried,607.0,56123.0,13733.0,1
81,Self-Employed,683.0,67491.0,30204.0,1
82,Self-Employed,645.0,46784.0,12085.0,1
83,Self-Employed,650.0,42907.0,13483.0,1
84,Salaried,,64920.0,8234.0,0
85,Contract,557.0,62769.0,11010.0,1
86,Self-Employed,573.0,75033.0,7395.0,1
87,Salaried,768.0,53371.0,22878.0,0
88,Self-Employed,585.0,84385.0,32805.0,1
89,Contract,650.0,48511.0,18965.0,0
90,Self-Employed,548.0,49947.0,1000.0,1
91,Salaried,656.0,53548.0,15609.0,0
92,Self-Employed,675.0,50068.0,21330.0,0
93,Salaried,558.0,42839.0,31635.0,1
94,Salaried,731.0,27616.0,11125.0,1
95,Self-Employed,635.0,89105.0,10662.0,0
96,Self-Employed,774.0,39739.0,22512.0,0
97,Self-Employed,591.0,55527.0,21451.0,1
98,Self-Employed,673.0,66824.0,9249.0,0
99,Salaried,744.0,81002.0,23065.0,0
100,Contract,728.0,76778.0,18692.0,0
101,Self-Employed,739.0,52882.0,10725.0,0
102,Self-Employed,707.0,48609.0,26946.0,1
103,Self-Employed,659.0,62325.0,25803.0,0
104,Contract,703.0,84795.0,15468.0,0
105,Contract,679.0,28273.0,11320.0,1
106,Salaried,618.0,45053.0,20072.0,1
107,Contract,689.0,45807.0,13469.0,1
108,Salaried,717.0,47093.0,10100.0,0
109,Salaried,701.0,20887.0,6954.0,0
110,Contract,490.0,40116.0,4243.0,1
111,Salaried,651.0,74156.0,18485.0,1
112,Salaried,652.0,81822.0,24023.0,1
113,Salaried,,103053.0,8228.0,0
114,Self-Employed,697.0,56489.0,15269.0,0
115,Salaried,717.0,21492.0,20946.0,1
116,Contract,716.0,68780.0,25695.0,1
117,Salaried,673.0,50789.0,6241.0,1
118,Contract,732.0,62220.0,8548.0,0
119,Salaried,606.0,19682.0,7061.0,1
120,Salaried,674.0,60894.0,7213.0,1
121,Salaried,760.0,58032.0,22806.0,0
122,Salaried,684.0,24835.0,13162.0,1
123,Contract,602.0,55382.0,8280.0,1
124,Salaried,,87800.0,24545.0,0
125,Salaried,647.0,48595.0,23336.0,0
126,Salaried,588.0,53222.0,13435.0,1
127,Salaried,655.0,50354.0,30830.0,1
128,Self-Employed,689.0,56816.0,6302.0,0
129,Salaried,,74245.0,13162.0,0
130,Salaried,690.0,63292.0,11345.0,0
131,Salaried,505.0,61326.0,7959.0,1
132,Salaried,610.0,24202.0,11290.0,1
133,Salaried,672.0,77263.0,14432.0,1
134,Salaried,674.0,66640.0,12441.0,0
135,Self-Employed,705.0,44587.0,5940.0,0
136,Salaried,636.0,44773.0,20178.0,1
137,Salaried,616.0,55724.0,17363.0,1
138,Salaried,519.0,72242.0,11962.0,1
139,Salaried,610.0,24266.0,17191.0,1
140,Self-Employed,,58345.0,8081.0,1
141,Self-Employed,,54038.0,11114.0,1
142,Salaried,692.0,86093.0,30307.0,0
143,Salaried,664.0,58686.0,12602.0,1
144,Self-Employed,717.0,59445.0,8951.0,0
145,Contract,746.0,37387.0,14556.0,1
146,Self-Employed,704.0,19710.0,16611.0,0
147,Contract,628.0,52905.0,13349.0,0
148,Self-Employed,607.0,65279.0,6788.0,1
149,Self-Employed,707.0,88586.0,32143.0,0
150,Contract,789.0,80561.0,22088.0,0
151,Self-Employed,691.0,69698.0,17333.0,0
152,Contract,620.0,50978.0,9310.0,0
153,Salaried,688.0,58944.0,22588.0,0
154,Salaried,604.0,66911.0,16050.0,1
155,Salaried,552.0,54435.0,24001.0,1
156,Self-Employed,672.0,76723.0,14922.0,1
157,Salaried,618.0,68679.0,12551.0,0
158,Self-Employed,740.0,39105.0,15671.0,0
159,Self-Employed,479.0,48391.0,14577.0,1
160,Self-Employed,619.0,88968.0,7588.0,1
161,Salaried,661.0,46627.0,12135.0,1
162,Contract,629.0,43872.0,1000.0,1
163,Self-Employed,648.0,37974.0,18993.0,1
164,Salaried,729.0,55880.0,7572.0,0
165,Self-Employed,566.0,69766.0,1801.0,1
166,Self-Employed,577.0,37446.0,7611.0,1
167,Contract,577.0,67775.0,13998.0,1
168,Salaried,,24401.0,17193.0,1
169,Salaried,624.0,50072.0,5251.0,1
170,Salaried,656.0,58959.0,14146.0,1
171,Self-Employed,559.0,52297.0,13259.0,1
172,Contract,578.0,91000.0,7855.0,1
173,Salaried,636.0,52211.0,19576.0,1
174,Contract,828.0,65561.0,23860.0,0
175,Contract,607.0,30465.0,15465.0,1
176,Self-Employed,586.0,76921.0,6097.0,1
177,Contract,701.0,60626.0,12958.0,0
178,Salaried,677.0,58654.0,21838.0,0
179,Salaried,490.0,53575.0,7521.0,1
180,Salaried,671.0,66755.0,17232.0,1
181,Self-Employed,,48246.0,10734.0,1
182,Self-Employed,668.0,51510.0,19150.0,0
183,Salaried,643.0,71456.0,20228.0,0
184,Self-Employed,736.0,41843.0,15623.0,1
185,Self-Employed,654.0,49781.0,19536.0,1
186,Salaried,602.0,44680.0,15320.0,1
187,Self-Employed,684.0,99656.0,9965.0,1
188,Salaried,564.0,70313.0,17808.0,1
189,Salaried,544.0,63319.0,17821.0,1
190,Self-Employed,662.0,92981.0,19165.0,1
191,Contract,574.0,42063.0,13931.0,1
192,Salaried,686.0,44882.0,12652.0,0
193,Self-Employed,668.0,70354.0,6916.0,0
194,Contract,653.0,74523.0,3554.0,0
195,Salaried,713.0,61246.0,9901.0,0
196,Salaried,700.0,64559.0,1081.0,0
197,Salaried,,80527.0,29013.0,1
198,Salaried,689.0,67826.0,19841.0,1
199,Salaried,683.0,57418.0,10537.0,1
200,Salaried,672.0,50129.0,7286.0,1
201,Contract,578.0,59032.0,10429.0,1
202,Salaried,480.0,71059.0,19122.0,1
203,Salaried,541.0,35957.0,16099.0,1
204,Contract,594.0,18102.0,1000.0,1
205,Salaried,684.0,48004.0,12821.0,0
206,Contract,549.0,53649.0,16260.0,1
207,Contract,630.0,44216.0,17108.0,1
208,Salaried,638.0,70853.0,13283.0,0
209,Salaried,664.0,52866.0,29379.0,0
210,Salaried,690.0,60455.0,23870.0,0
211,Salaried,647.0,44294.0,8667.0,1
212,Salaried,655.0,60058.0,20162.0,1
213,Salaried,541.0,50465.0,18903.0,1
214,Self-Employed,621.0,67095.0,15724.0,0
215,Salaried,621.0,44203.0,10374.0,1
216,Self-Employed,753.0,72301.0,1357.0,0
217,Self-Employed,738.0,69002.0,6149.0,0
218,Contract,730.0,47732.0,25005.0,0
219,Contract,658.0,83527.0,23569.0,0
220,Salaried,640.0,59791.0,1822.0,1
221,Salaried,600.0,48999.0,7986.0,1
222,Contract,629.0,65275.0,17537.0,1
223,Salaried,547.0,53481.0,10905.0,1
224,Self-Employed,606.0,70731.0,3702.0,1
225,Salaried,596.0,37856.0,12779.0,1
226,Contract,634.0,76137.0,21142.0,1
227,Self-Employed,850.0,67558.0,16064.0,0
228,Contract,743.0,53744.0,16496.0,0
229,Salaried,591.0,69842.0,18814.0,1
230,Self-Employed,737.0,74998.0,14534.0,0
231,Contract,,80036.0,26164.0,1
232,Salaried,577.0,46529.0,13680.0,1
233,Salaried,649.0,20668.0,2538.0,1
234,Self-Employed,613.0,45692.0,15703.0,1
235,Salaried,578.0,48257.0,18495.0,1
236,Self-Employed,617.0,34395.0,22160.0,1
237,Self-Employed,638.0,42957.0,11561.0,1
238,Salaried,776.0,50337.0,16874.0,0
239,Self-Employed,587.0,22549.0,11958.0,1
240,Self-Employed,621.0,87695.0,8899.0,1
241,Contract,727.0,101747.0,15239.0,0
242,Contract,604.0,47895.0,18894.0,1
243,Self-Employed,621.0,75159.0,17127.0,0
244,Salaried,,58652.0,22383.0,1
245,Salaried,632.0,37662.0,12786.0,1
246,Self-Employed,660.0,54854.0,6355.0,0
247,Salaried,595.0,30979.0,21323.0,1
248,Salaried,735.0,108181.0,15647.0,0
249,Self-Employed,560.0,39264.0,9469.0,1
250,Self-Employed,617.0,34840.0,21431.0,1
251,Self-Employed,612.0,50966.0,24045.0,1
252,Contract,630.0,51318.0,16999.0,1
253,Salaried,550.0,65112.0,2885.0,1
254,Salaried,589.0,77323.0,22137.0,1
255,Salaried,628.0,58831.0,12973.0,1
256,Salaried,693.0,51772.0,22370.0,0
257,Salaried,672.0,32642.0,1000.0,0
258,Contract,,71367.0,25415.0,1
259,Contract,630.0,24359.0,18957.0,1
260,Contract,746.0,30075.0,4800.0,0
261,Self-Employed,635.0,44133.0,25670.0,1
262,Self-Employed,655.0,81796.0,14378.0,1
263,Self-Employed,651.0,38040.0,7631.0,0
264,Self-Employed,663.0,66220.0,25630.0,1
265,Contract,670.0,52140.0,26547.0,0
266,Self-Employed,639.0,61766.0,7228.0,0
267,Salaried,709.0,100954.0,7524.0,0
268,Salaried,695.0,29507.0,19191.0,1
269,Salaried,664.0,31534.0,16965.0,1
270,Contract,,71441.0,28647.0,0
271,Salaried,577.0,52795.0,19990.0,1
272,Salaried,657.0,69298.0,13560.0,0
273,Self-Employed,693.0,82741.0,30588.0,0
274,Salaried,601.0,28914.0,10616.0,0
275,Self-Employed,680.0,55351.0,24237.0,1
276,Contract,635.0,48322.0,21888.0,1
277,Salaried,580.0,38662.0,8374.0,1
278,Salaried,690.0,17145.0,4960.0,0
279,Salaried,591.0,72161.0,2008.0,0
280,Self-Employed,611.0,65439.0,16788.0,1
281,Salaried,633.0,58183.0,17543.0,1
282,Salaried,611.0,71321.0,32422.0,1
283,Salaried,607.0,57191.0,11573.0,1
284,Salaried,627.0,65731.0,13970.0,1
285,Contract,616.0,76090.0,16779.0,0
286,Salaried,,58355.0,15115.0,0
287,Self-Employed,641.0,65563.0,16762.0,1
288,Contract,735.0,45741.0,14835.0,0
289,Salaried,627.0,53986.0,12685.0,1
290,Salaried,711.0,31858.0,15897.0,1
291,Self-Employed,606.0,26455.0,11159.0,1
292,Self-Employed,556.0,52552.0,5224.0,1
293,Contract,640.0,80499.0,19248.0,1
294,Salaried,532.0,17884.0,11724.0,1
295,Salaried,715.0,31817.0,8745.0,0
296,Salaried,679.0,17472.0,22024.0,1
297,Contract,666.0,38659.0,12006.0,1
298,Contract,625.0,82189.0,9184.0,1
299,Self-Employed,650.0,73743.0,17999.0,1
300,Self-Employed,627.0,72302.0,7893.0,0
301,Contract,748.0,54478.0,6305.0,0
302,Contract,673.0,65026.0,14765.0,0
303,Contract,,65171.0,21510.0,1
304,Salaried,601.0,56508.0,13109.0,1
305,Self-Employed,702.0,83986.0,13500.0,0
306,Salaried,648.0,31619.0,26677.0,1
307,Salaried,712.0,52551.0,14984.0,0
308,Salaried,659.0,60090.0,13634.0,1
309,Salaried,700.0,25150.0,20070.0,1
310,Self-Employed,511.0,52460.0,19549.0,1
311,Contract,677.0,39443.0,1000.0,0
312,Salaried,603.0,78578.0,9865.0,1
313,Self-Employed,700.0,45051.0,27968.0,1
314,Contract,705.0,33273.0,18343.0,1
315,Salaried,682.0,51351.0,13836.0,0
316,Contract,650.0,71143.0,29281.0,1
317,Contract,653.0,56280.0,23952.0,1
318,Self-Employed,657.0,85695.0,14061.0,1
319,Salaried,657.0,44021.0,21866.0,0
320,Salaried,569.0,15428.0,16896.0,1
321,Contract,679.0,58601.0,18430.0,0
322,Contract,658.0,47801.0,12724.0,1
323,Contract,621.0,61275.0,1000.0,0
324,Contract,723.0,75982.0,5982.0,1
325,Self-Employed,628.0,59259.0,3184.0,0
326,Salaried,686.0,51871.0,7662.0,1
327,Salaried,716.0,42592.0,5644.0,0
328,Self-Employed,772.0,37597.0,9982.0,0
329,Salaried,653.0,50046.0,19595.0,1
330,Salaried,693.0,71603.0,21243.0,0
331,Self-Employed,554.0,91453.0,14154.0,1
332,Salaried,646.0,66449.0,3930.0,0
333,Self-Employed,620.0,81128.0,28511.0,1
334,Self-Employed,668.0,71187.0,13506.0,0
335,Self-Employed,551.0,67383.0,12112.0,1
336,Self-Employed,,15000.0,7693.0,0
337,Self-Employed,680.0,49925.0,16320.0,0
338,Self-Employed,722.0,49796.0,3883.0,0
339,Salaried,654.0,45825.0,11266.0,0
340,Self-Employed,647.0,42255.0,20419.0,1
341,Self-Employed,654.0,35683.0,6679.0,0
342,Salaried,688.0,58790.0,1000.0,0
343,Salaried,564.0,62272.0,20238.0,1
344,Salaried,722.0,51302.0,23338.0,1
345,Self-Employed,629.0,69501.0,4938.0,0
346,Salaried,541.0,98901.0,25256.0,1
347,Salaried,672.0,62446.0,11915.0,0
348,Self-Employed,769.0,54492.0,6322.0,0
349,Salaried,,37884.0,3702.0,0
350,Contract,588.0,39205.0,24520.0,1
351,Self-Employed,489.0,78326.0,19011.0,1
352,Salaried,545.0,62079.0,3163.0,1
353,Self-Employed,670.0,25542.0,11545.0,1
354,Salaried,606.0,61375.0,10869.0,1
355,Salaried,681.0,26446.0,23521.0,1
356,Self-Employed,611.0,32828.0,13851.0,0
357,Self-Employed,687.0,76252.0,29191.0,0
358,Salaried,604.0,66495.0,19298.0,0
359,Salaried,727.0,66362.0,20892.0,0
360,Salaried,614.0,15045.0,24092.0,1
361,Salaried,781.0,67536.0,8960.0,0
362,Salaried,621.0,79573.0,20506.0,0
363,Self-Employed,622.0,40393.0,12207.0,1
364,Self-Employed,729.0,68530.0,4165.0,0
365,Self-Employed,753.0,36961.0,16800.0,0
366,Salaried,587.0,48340.0,19720.0,1
367,Self-Employed,551.0,52800.0,20707.0,1
368,Self-Employed,726.0,29232.0,12396.0,1
369,Salaried,,32116.0,8511.0,1
370,Salaried,,70809.0,21268.0,1
371,Salaried,,29541.0,10794.0,0
372,Salaried,557.0,54607.0,18801.0,1
373,Self-Employed,651.0,57005.0,4120.0,1
374,Self-Employed,,66775.0,19855.0,0
375,Contract,703.0,57918.0,16624.0,1
376,Salaried,714.0,26722.0,12958.0,1
377,Contract,594.0,62359.0,14508.0,0
378,Salaried,677.0,27707.0,15218.0,0
379,Self-Employed,676.0,71591.0,16080.0,1
380,Salaried,745.0,19958.0,13580.0,0
381,Salaried,684.0,48477.0,18581.0,0
382,Salaried,584.0,38973.0,14060.0,1
383,Self-Employed,573.0,28349.0,1000.0,1
384,Salaried,619.0,34420.0,1000.0,0
385,Self-Employed,792.0,24068.0,23384.0,1
386,Contract,643.0,29288.0,5646.0,1
387,Salaried,589.0,23503.0,1000.0,1
388,Salaried,662.0,57739.0,29278.0,0
389,Salaried,712.0,25502.0,27041.0,1
390,Salaried,674.0,33331.0,30946.0,1
391,Self-Employed,636.0,92534.0,5119.0,1
392,Salaried,755.0,79554.0,24298.0,0
393,Self-Employed,718.0,48654.0,15873.0,1
394,Salaried,723.0,48043.0,23368.0,0
395,Salaried,591.0,84312.0,12470.0,1
396,Salaried,606.0,42967.0,10977.0,1
397,Salaried,610.0,48811.0,14673.0,0
398,Salaried,645.0,76295.0,27708.0,0
399,Self-Employed,657.0,20506.0,27963.0,1
400,Self-Employed,562.0,76739.0,14851.0,1
401,Salaried,585.0,32560.0,20663.0,1
402,Contract,660.0,33690.0,20051.0,1
403,Contract,674.0,54104.0,28543.0,1
404,Salaried,759.0,68117.0,28729.0,0
405,Salaried,654.0,71919.0,14365.0,0
406,Salaried,711.0,15000.0,19396.0,0
407,Salaried,533.0,51673.0,13345.0,1
408,Contract,675.0,65351.0,11007.0,1
409,Salaried,558.0,62221.0,15902.0,1
410,Contract,597.0,61887.0,17874.0,1
411,Self-Employed,658.0,52935.0,6807.0,0
412,Salaried,657.0,82827.0,14497.0,0
413,Contract,,52861.0,10629.0,1
414,Salaried,692.0,47886.0,10729.0,0
415,Salaried,545.0,87203.0,6606.0,1
416,Self-Employed,619.0,60579.0,20141.0,1
417,Salaried,662.0,80701.0,21057.0,1
418,Contract,620.0,63273.0,19430.0,1
419,Self-Employed,663.0,64714.0,11447.0,1
420,Salaried,770.0,71555.0,20094.0,0
421,Self-Employed,617.0,15000.0,12988.0,1
422,Self-Employed,643.0,66887.0,18825.0,0
423,Self-Employed,593.0,49429.0,22470.0,1
424,Salaried,573.0,83688.0,6783.0,1
425,Salaried,637.0,15000.0,28524.0,1
426,Salaried,707.0,48108.0,20962.0,1
427,Contract,600.0,39065.0,13873.0,1
428,Self-Employed,716.0,94190.0,19513.0,0
429,Contract,667.0,94394.0,16450.0,0
430,Salaried,578.0,15000.0,8188.0,1
431,Salaried,564.0,63464.0,14276.0,1
432,Contract,573.0,81736.0,16166.0,1
433,Salaried,,78141.0,22301.0,0
434,Salaried,633.0,40152.0,18887.0,1
435,Salaried,720.0,78427.0,9159.0,0
436,Self-Employed,,31686.0,27409.0,1
437,Salaried,665.0,87168.0,12282.0,0
438,Contract,700.0,86053.0,5275.0,1
439,Self-Employed,769.0,30109.0,5369.0,0
440,Salaried,562.0,35404.0,9965.0,1
441,Self-Employed,717.0,92828.0,22896.0,0
442,Salaried,652.0,80807.0,11987.0,0
443,Self-Employed,699.0,58090.0,15149.0,1
444,Self-Employed,627.0,76142.0,9836.0,1
445,Salaried,732.0,20027.0,5444.0,0
446,Contract,601.0,67012.0,23469.0,1
447,Salaried,677.0,41407.0,9920.0,0
448,Self-Employed,679.0,59851.0,10410.0,0
449,Self-Employed,713.0,75231.0,25504.0,0
450,Contract,578.0,48594.0,3914.0,0
451,Salaried,551.0,72091.0,5772.0,1
452,Salaried,757.0,36664.0,13300.0,0
453,Salaried,726.0,55618.0,15088.0,0
454,Contract,635.0,69768.0,17107.0,1
455,Contract,650.0,58628.0,27613.0,1
456,Salaried,577.0,45562.0,18353.0,1
457,Salaried,755.0,60044.0,18490.0,0
458,Self-Employed,560.0,41421.0,19824.0,1
459,Salaried,680.0,64669.0,20184.0,0
460,Contract,650.0,50768.0,20886.0,1
461,Salaried,714.0,85556.0,5336.0,0
462,Salaried,721.0,66047.0,16180.0,0
463,Salaried,586.0,74665.0,9303.0,1
464,Salaried,594.0,45258.0,8109.0,1
465,Salaried,668.0,83854.0,24373.0,1
466,Salaried,554.0,73235.0,25580.0,1
467,Salaried,712.0,89858.0,23256.0,0
468,Salaried,686.0,53803.0,18735.0,1
469,Contract,534.0,31836.0,12400.0,1
470,Self-Employed,757.0,60058.0,15351.0,0
471,Self-Employed,602.0,40635.0,26056.0,1
472,Salaried,705.0,57848.0,27979.0,1
473,Salaried,591.0,77122.0,19050.0,1
474,Salaried,741.0,55667.0,13917.0,0
475,Self-Employed,636.0,68053.0,13126.0,0
476,Salaried,602.0,57238.0,18812.0,1
477,Self-Employed,717.0,52868.0,15049.0,0
478,Contract,627.0,72272.0,17389.0,0
479,Salaried,593.0,49881.0,8758.0,1
480,Contract,596.0,88999.0,17999.0,1
481,Salaried,665.0,52203.0,28494.0,1
482,Salaried,675.0,54207.0,1000.0,0
483,Contract,624.0,15000.0,13017.0,1
484,Salaried,621.0,22385.0,20388.0,1
485,Contract,647.0,59064.0,13505.0,1
486,Salaried,607.0,51692.0,8461.0,1
487,Salaried,723.0,58765.0,2405.0,0
488,Self-Employed,723.0,78825.0,1509.0,0
489,Self-Employed,597.0,15000.0,21631.0,1
490,Contract,,65289.0,13999.0,0
491,Salaried,806.0,15000.0,13387.0,0
492,Self-Employed,688.0,37031.0,7036.0,0
493,Contract,595.0,48263.0,8802.0,1
494,Salaried,664.0,74752.0,16662.0,1
495,Contract,618.0,32350.0,18292.0,1
496,Salaried,,77516.0,16866.0,0
497,Salaried,719.0,54000.0,17760.0,0
498,Salaried,613.0,69147.0,22758.0,1
499,Salaried,615.0,74943.0,5778.0,1
500,Contract,637.0,54229.0,5353.0,1
501,Contract,673.0,15000.0,18462.0,1
502,Salaried,633.0,76218.0,15989.0,0
503,Salaried,768.0,51123.0,12471.0,0
504,Salaried,607.0,79449.0,28403.0,1
505,Salaried,711.0,43747.0,6412.0,0
506,Self-Employed,588.0,41590.0,14861.0,1
507,Salaried,572.0,59238.0,10700.0,0
508,Self-Employed,638.0,68832.0,15864.0,0
509,Self-Employed,635.0,63791.0,15232.0,0
510,Contract,530.0,55990.0,15263.0,1
511,Contract,,62369.0,9420.0,1
512,Salaried,700.0,33145.0,8109.0,0
513,Salaried,732.0,22008.0,24210.0,1
514,Contract,,19928.0,9383.0,0
515,Self-Employed,734.0,15000.0,16672.0,1
516,Contract,608.0,63519.0,11037.0,1
517,Salaried,667.0,55937.0,18403.0,1
518,Salaried,660.0,67096.0,14798.0,0
519,Salaried,619.0,58988.0,18918.0,1
520,Contract,,95605.0,26828.0,0
521,Salaried,650.0,33918.0,6935.0,0
522,Self-Employed,716.0,38803.0,22538.0,1
523,Self-Employed,706.0,18351.0,4677.0,0
524,Self-Employed,717.0,99469.0,20401.0,0
525,Self-Employed,686.0,77298.0,16137.0,0
526,Salaried,609.0,35032.0,23985.0,1
527,Salaried,599.0,19665.0,9746.0,1
528,Salaried,670.0,15000.0,19420.0,1
529,Salaried,,42495.0,12744.0,1
530,Salaried,717.0,93039.0,28104.0,0
531,Salaried,573.0,81991.0,26087.0,1
532,Salaried,706.0,52040.0,14872.0,0
533,Salaried,660.0,33317.0,11838.0,0
534,Salaried,561.0,82729.0,31748.0,1
535,Salaried,704.0,56235.0,18633.0,1
536,Salaried,670.0,81236.0,25039.0,0
537,Contract,,63159.0,12495.0,0
538,Salaried,608.0,61847.0,1000.0,0
539,Salaried,716.0,63126.0,16621.0,0
540,Salaried,604.0,40308.0,25024.0,1
541,Contract,749.0,71549.0,14556.0,0
542,Self-Employed,635.0,54489.0,12848.0,1
543,Salaried,678.0,28271.0,16617.0,1
544,Salaried,662.0,90761.0,7651.0,1
545,Salaried,658.0,66910.0,18983.0,0
546,Contract,673.0,35595.0,14393.0,1
547,Salaried,591.0,81482.0,13449.0,0
548,Self-Employed,737.0,47784.0,10760.0,0
549,Contract,698.0,57697.0,18786.0,1
550,Self-Employed,685.0,64070.0,17898.0,0
551,Contract,654.0,66317.0,36479.0,1
552,Self-Employed,,55140.0,29444.0,1
553,Self-Employed,730.0,25073.0,8668.0,0
554,Salaried,,48627.0,7014.0,0
555,Contract,625.0,56286.0,11951.0,1
556,Self-Employed,597.0,73319.0,15183.0,1
557,Contract,567.0,37321.0,21257.0,1
558,Salaried,701.0,47253.0,11249.0,0
559,Salaried,671.0,87987.0,5741.0,0
560,Self-Employed,567.0,31543.0,22436.0,1
561,Salaried,653.0,56492.0,18622.0,0
562,Self-Employed,664.0,33203.0,14524.0,1
563,Self-Employed,742.0,30996.0,23644.0,0
564,Self-Employed,672.0,35990.0,19903.0,0
565,Contract,706.0,70055.0,17942.0,0
566,Contract,816.0,63553.0,14151.0,0
567,Salaried,561.0,52640.0,26807.0,1
568,Contract,755.0,62952.0,1771.0,0
569,Self-Employed,684.0,71094.0,3767.0,0
570,Self-Employed,667.0,49122.0,28438.0,1
571,Self-Employed,602.0,62495.0,13125.0,1
572,Contract,636.0,60057.0,11212.0,1
573,Salaried,706.0,76014.0,14364.0,0
574,Salaried,589.0,61489.0,13746.0,1
575,Self-Employed,580.0,53239.0,25311.0,1
576,Self-Employed,723.0,39350.0,10932.0,0
577,Self-Employed,,116029.0,12525.0,1
578,Contract,635.0,41973.0,8820.0,1
579,Salaried,,46043.0,10112.0,1
580,Salaried,640.0,46415.0,4744.0,1
581,Self-Employed,641.0,24256.0,11843.0,1
582,Salaried,639.0,58911.0,19490.0,0
583,Salaried,636.0,51041.0,10226.0,1
584,Salaried,658.0,32377.0,4779.0,1
585,Salaried,697.0,62891.0,9232.0,0
586,Salaried,580.0,72335.0,17543.0,1
587,Contract,648.0,38590.0,25807.0,1
588,Self-Employed,663.0,54275.0,28400.0,1
589,Self-Employed,,16465.0,17995.0,1
590,Salaried,628.0,29255.0,5592.0,1
591,Salaried,561.0,70954.0,11571.0,0
592,Self-Employed,555.0,34479.0,8285.0,1
593,Salaried,612.0,49568.0,2120.0,1
594,Salaried,644.0,47195.0,16874.0,0
595,Salaried,683.0,43732.0,2674.0,0
596,Salaried,758.0,50217.0,5004.0,0
597,Salaried,679.0,49552.0,17299.0,0
598,Contract,720.0,54860.0,18036.0,1
599,Salaried,613.0,52433.0,15023.0,1
600,Salaried,636.0,53322.0,5527.0,0
601,Contract,619.0,29451.0,5715.0,1
602,Contract,,27235.0,12435.0,1
603,Contract,734.0,72617.0,14108.0,0
604,Salaried,616.0,90567.0,24321.0,1
605,Contract,638.0,24013.0,24040.0,1
606,Salaried,718.0,49246.0,8913.0,0
607,Self-Employed,627.0,47319.0,2932.0,0
608,Contract,672.0,33877.0,2075.0,1
609,Self-Employed,700.0,58771.0,21386.0,1
610,Contract,721.0,61162.0,8964.0,1
611,Self-Employed,674.0,81846.0,15352.0,0
612,Contract,602.0,28459.0,2226.0,1
613,Self-Employed,628.0,61609.0,1000.0,1
614,Self-Employed,656.0,44488.0,1000.0,1
615,Salaried,613.0,50190.0,21854.0,1
616,Contract,587.0,55628.0,18936.0,1
617,Self-Employed,703.0,52682.0,1000.0,0
618,Self-Employed,755.0,78223.0,11621.0,0
619,Contract,654.0,50532.0,9968.0,1
620,Contract,537.0,68374.0,22528.0,1
621,Salaried,797.0,15000.0,25810.0,1
622,Contract,633.0,52218.0,16761.0,1
623,Self-Employed,649.0,75239.0,28060.0,1
624,Self-Employed,670.0,36204.0,5121.0,1
625,Contract,618.0,39387.0,8071.0,1
626,Salaried,724.0,67683.0,4410.0,0
627,Salaried,691.0,66247.0,17800.0,0
628,Salaried,706.0,83503.0,10550.0,0
629,Salaried,669.0,57550.0,19184.0,0
630,Self-Employed,640.0,50232.0,11876.0,0
631,Salaried,713.0,25925.0,18486.0,1
632,Salaried,586.0,87827.0,14773.0,1
633,Contract,593.0,30461.0,16402.0,1
634,Salaried,662.0,24197.0,18161.0,1
635,Self-Employed,654.0,47137.0,21130.0,1
636,Salaried,,73716.0,30978.0,1
637,Salaried,585.0,39449.0,10978.0,1
638,Salaried,588.0,52731.0,30393.0,1
639,Self-Employed,714.0,15000.0,15286.0,1
640,Salaried,596.0,61438.0,14623.0,1
641,Contract,570.0,64937.0,6608.0,1
642,Contract,555.0,80995.0,16273.0,1
643,Contract,651.0,64082.0,15046.0,1
644,Salaried,583.0,38954.0,14984.0,1
645,Self-Employed,624.0,82258.0,29501.0,1
646,Contract,739.0,15000.0,3239.0,0
647,Salaried,658.0,61477.0,14307.0,0
648,Self-Employed,523.0,65924.0,18831.0,1
649,Contract,,80697.0,19309.0,1
650,Self-Employed,550.0,64423.0,25082.0,1
651,Salaried,605.0,60456.0,1000.0,1
652,Salaried,678.0,29911.0,16331.0,0
653,Self-Employed,584.0,46368.0,27658.0,1
654,Contract,544.0,70738.0,15225.0,1
655,Self-Employed,672.0,38873.0,3188.0,0
656,Self-Employed,458.0,53055.0,10511.0,1
657,Self-Employed,580.0,43108.0,6850.0,1
658,Contract,,53638.0,11211.0,1
659,Contract,626.0,69199.0,15249.0,1
660,Salaried,506.0,62406.0,11084.0,1
661,Salaried,628.0,89390.0,17024.0,1
662,Contract,684.0,41354.0,24022.0,1
663,Salaried,503.0,47280.0,6913.0,1
664,Contract,629.0,55250.0,11096.0,0
665,Self-Employed,639.0,67751.0,16464.0,1
666,Contract,710.0,52784.0,17488.0,0
667,Contract,684.0,38066.0,22011.0,1
668,Contract,593.0,42355.0,8471.0,1
669,Self-Employed,588.0,44537.0,10551.0,1
670,Salaried,656.0,42216.0,30960.0,0
671,Contract,521.0,55867.0,21500.0,1
672,Self-Employed,697.0,39986.0,17223.0,0
673,Self-Employed,,25527.0,25125.0,1
674,Salaried,693.0,32253.0,16288.0,0
675,Self-Employed,619.0,65347.0,18104.0,1
676,Contract,,50309.0,20836.0,1
677,Self-Employed,571.0,81777.0,1189.0,1
678,Self-Employed,624.0,48355.0,20499.0,0
679,Contract,695.0,72013.0,28832.0,1
680,Contract,628.0,60503.0,19588.0,1
681,Salaried,601.0,47478.0,14866.0,1
682,Contract,687.0,43704.0,16072.0,0
683,Salaried,628.0,37981.0,25292.0,1
684,Salaried,,72775.0,34614.0,0
685,Salaried,601.0,62847.0,17936.0,1
686,Salaried,701.0,58968.0,17809.0,0
687,Salaried,671.0,67150.0,16124.0,1
688,Contract,574.0,38248.0,12995.0,1
689,Salaried,710.0,79049.0,7232.0,0
690,Salaried,630.0,81446.0,17512.0,0
691,Salaried,684.0,54879.0,16749.0,0
692,Contract,661.0,70993.0,19247.0,1
693,Contract,531.0,24775.0,18649.0,1
694,Self-Employed,604.0,46162.0,10309.0,1
695,Self-Employed,777.0,38880.0,17593.0,0
696,Contract,640.0,41958.0,9547.0,0
697,Salaried,616.0,82180.0,36452.0,1
698,Contract,616.0,60983.0,18530.0,1
699,Self-Employed,598.0,74092.0,11509.0,1
700,Self-Employed,647.0,51383.0,11975.0,1
701,Salaried,742.0,50178.0,17843.0,0
702,Salaried,611.0,56244.0,8497.0,1
703,Contract,568.0,60247.0,15456.0,1
704,Salaried,653.0,15000.0,10702.0,1
705,Salaried,569.0,36869.0,19998.0,1
706,Self-Employed,,16093.0,8321.0,0
707,Self-Employed,758.0,43063.0,13646.0,0
708,Salaried,704.0,92830.0,22798.0,0
709,Salaried,609.0,53434.0,6491.0,1
710,Salaried,801.0,18725.0,5952.0,0
711,Salaried,633.0,67603.0,1000.0,0
712,Contract,734.0,40335.0,20009.0,0
713,Salaried,637.0,30422.0,12200.0,1
714,Salaried,596.0,66393.0,23810.0,1
715,Salaried,616.0,43935.0,11798.0,1
716,Salaried,633.0,33232.0,10543.0,0
717,Self-Employed,,73372.0,19703.0,0
718,Contract,657.0,88472.0,18404.0,1
719,Contract,,52681.0,16602.0,0
720,Salaried,621.0,71445.0,9355.0,1
721,Contract,774.0,34880.0,28181.0,1
722,Salaried,759.0,50650.0,12075.0,0
723,Salaried,636.0,32259.0,10781.0,1
724,Self-Employed,641.0,51450.0,26568.0,1
725,Salaried,633.0,63151.0,26079.0,0
726,Salaried,545.0,32672.0,15547.0,1
727,Salaried,484.0,36600.0,15890.0,1
728,Contract,634.0,39346.0,31783.0,1
729,Salaried,615.0,28401.0,17299.0,1
730,Self-Employed,732.0,82104.0,9080.0,0
731,Salaried,645.0,85454.0,20682.0,1
732,Salaried,734.0,44902.0,27251.0,0
733,Self-Employed,684.0,58153.0,12321.0,1
734,Contract,,79320.0,17817.0,1
735,Contract,773.0,55760.0,25963.0,0
736,Self-Employed,711.0,73843.0,11785.0,0
737,Self-Employed,664.0,15000.0,3446.0,1
738,Self-Employed,,20544.0,17601.0,0
739,Self-Employed,586.0,51799.0,32245.0,1
740,Salaried,718.0,62182.0,6243.0,0
741,Salaried,744.0,65869.0,21874.0,1
742,Contract,696.0,69021.0,12947.0,0
743,Salaried,739.0,49933.0,19066.0,0
744,Self-Employed,,64029.0,28462.0,1
745,Salaried,658.0,57333.0,17530.0,0
746,Self-Employed,676.0,65683.0,19597.0,1
747,Self-Employed,643.0,34826.0,27982.0,1
748,Self-Employed,767.0,52789.0,15479.0,0
749,Self-Employed,600.0,49788.0,7975.0,1
750,Contract,720.0,58207.0,15832.0,0
751,Self-Employed,651.0,31383.0,7883.0,1
752,Salaried,686.0,79123.0,21383.0,0
753,Self-Employed,661.0,57753.0,5299.0,1
754,Salaried,619.0,22370.0,4289.0,1
755,Salaried,718.0,50643.0,14292.0,1
756,Salaried,,45290.0,19144.0,1
757,Salaried,653.0,41093.0,19841.0,0
758,Self-Employed,708.0,54830.0,7918.0,0
759,Salaried,607.0,38346.0,9832.0,0
760,Salaried,673.0,83442.0,18006.0,1
761,Salaried,643.0,80956.0,9980.0,0
762,Contract,544.0,64396.0,19632.0,1
763,Self-Employed,658.0,42756.0,8109.0,1
764,Salaried,704.0,72673.0,24558.0,0
765,Contract,639.0,41937.0,11834.0,1
766,Self-Employed,735.0,62361.0,23721.0,1
767,Self-Employed,564.0,59663.0,4657.0,1
768,Salaried,648.0,68204.0,22421.0,1
769,Salaried,699.0,47418.0,20839.0,0
770,Self-Employed,631.0,96685.0,11897.0,0
771,Self-Employed,653.0,73282.0,15731.0,1
772,Contract,613.0,59305.0,15300.0,1
773,Self-Employed,593.0,56094.0,5665.0,1
774,Salaried,690.0,35742.0,26593.0,0
775,Self-Employed,,50407.0,11467.0,0
776,Salaried,634.0,63196.0,18169.0,1
777,Contract,667.0,27359.0,17665.0,0
778,Salaried,,49544.0,11172.0,0
779,Salaried,623.0,43795.0,6264.0,1
780,Contract,730.0,50181.0,15212.0,0
781,Salaried,654.0,38741.0,14058.0,1
782,Contract,755.0,51701.0,7891.0,0
783,Self-Employed,,46603.0,24978.0,1
784,Self-Employed,,15000.0,13862.0,1
785,Salaried,,46288.0,15767.0,0
786,Contract,557.0,84406.0,5365.0,1
787,Contract,715.0,28017.0,26124.0,1
788,Salaried,585.0,38206.0,20661.0,1
789,Contract,588.0,53269.0,16807.0,1
790,Salaried,598.0,45504.0,14567.0,1
791,Salaried,711.0,53337.0,24103.0,0
792,Salaried,627.0,20713.0,29472.0,1
793,Salaried,739.0,61246.0,8825.0,0
794,Contract,,18807.0,11733.0,0
795,Contract,665.0,52028.0,11087.0,1
796,Self-Employed,678.0,29326.0,2739.0,1
797,Self-Employed,629.0,37364.0,16179.0,1
798,Salaried,,48269.0,12893.0,1
799,Self-Employed,596.0,26252.0,14438.0,1
800,Salaried,651.0,79880.0,18252.0,0
801,Salaried,598.0,22587.0,15645.0,1
802,Salaried,691.0,81678.0,3704.0,0
803,Contract,662.0,103033.0,22058.0,0
804,Salaried,650.0,63379.0,13788.0,0
805,Salaried,707.0,52768.0,23405.0,0
806,Salaried,598.0,50243.0,15872.0,1
807,Salaried,708.0,92558.0,22533.0,0
808,Salaried,680.0,63464.0,10897.0,1
809,Salaried,521.0,48032.0,21373.0,1
810,Salaried,,55446.0,14607.0,1
811,Salaried,669.0,94027.0,10635.0,0
812,Self-Employed,,66922.0,6674.0,1
813,Contract,708.0,56328.0,8838.0,0
814,Contract,549.0,74927.0,9129.0,1
815,Contract,605.0,51858.0,10323.0,1
816,Salaried,,51312.0,21493.0,1
817,Self-Employed,741.0,82903.0,16831.0,0
818,Self-Employed,679.0,70504.0,20645.0,0
819,Contract,570.0,39378.0,13347.0,1
820,Salaried,752.0,46286.0,15819.0,0
821,Salaried,766.0,65874.0,4443.0,0
822,Salaried,736.0,73887.0,18122.0,0
823,Self-Employed,552.0,65372.0,10840.0,1
824,Salaried,614.0,15000.0,26430.0,1
825,Salaried,648.0,32178.0,19639.0,1
826,Self-Employed,667.0,50344.0,14552.0,0
827,Self-Employed,690.0,58475.0,4932.0,1
828,Salaried,652.0,57372.0,23173.0,0
829,Salaried,704.0,75062.0,2501.0,0
830,Self-Employed,658.0,77770.0,15075.0,1
831,Contract,577.0,58119.0,8526.0,1
832,Self-Employed,,61222.0,21904.0,1
833,Contract,581.0,93962.0,8101.0,1
834,Salaried,617.0,94603.0,19864.0,1
835,Salaried,701.0,83814.0,11031.0,0
836,Salaried,725.0,47623.0,15129.0,0
837,Salaried,698.0,29967.0,15230.0,1
838,Contract,571.0,90655.0,30035.0,1
839,Contract,597.0,34270.0,1000.0,1
840,Salaried,686.0,45447.0,24180.0,0
841,Self-Employed,711.0,52699.0,6756.0,0
842,Salaried,550.0,40342.0,15751.0,1
843,Contract,558.0,38626.0,19795.0,1
844,Salaried,631.0,60619.0,1240.0,0
845,Salaried,660.0,95036.0,10441.0,1
846,Salaried,672.0,75363.0,3959.0,0
847,Contract,605.0,71587.0,27967.0,0
848,Contract,735.0,43537.0,19114.0,1
849,Salaried,540.0,23182.0,5818.0,1
850,Salaried,657.0,35479.0,16901.0,1
851,Salaried,675.0,70951.0,21246.0,0
852,Self-Employed,694.0,76692.0,11985.0,0
853,Contract,651.0,95504.0,20231.0,0
854,Salaried,713.0,52248.0,10400.0,0
855,Self-Employed,654.0,78513.0,1284.0,0
856,Self-Employed,549.0,49908.0,16878.0,1
857,Salaried,628.0,75405.0,38563.0,1
858,Salaried,658.0,39163.0,10149.0,0
859,Contract,565.0,50220.0,1362.0,1
860,Salaried,763.0,57781.0,23922.0,0
861,Salaried,,69588.0,22157.0,1
862,Contract,649.0,21640.0,16401.0,1
863,Salaried,714.0,41872.0,13917.0,0
864,Salaried,600.0,71941.0,27942.0,1
865,Self-Employed,,45710.0,20408.0,0
866,Contract,551.0,60002.0,3770.0,1
867,Salaried,541.0,85424.0,14356.0,1
868,Salaried,646.0,46420.0,13836.0,1
869,Salaried,673.0,46918.0,6142.0,0
870,Salaried,711.0,59887.0,30490.0,1
871,Salaried,705.0,15991.0,22351.0,1
872,Self-Employed,716.0,85539.0,3591.0,0
873,Self-Employed,724.0,39479.0,17122.0,0
874,Salaried,683.0,53955.0,25105.0,1
875,Salaried,675.0,49529.0,18973.0,0
876,Self-Employed,602.0,63346.0,16880.0,1
877,Salaried,549.0,49551.0,16065.0,1
878,Contract,716.0,53416.0,3827.0,0
879,Self-Employed,754.0,67016.0,14157.0,0
880,Salaried,620.0,71543.0,13668.0,1
881,Salaried,633.0,63062.0,21771.0,1
882,Contract,665.0,48170.0,2603.0,0
883,Self-Employed,570.0,44539.0,23857.0,1
884,Salaried,614.0,60688.0,11065.0,1
885,Self-Employed,627.0,83843.0,16875.0,1
886,Salaried,540.0,21800.0,13002.0,1
887,Salaried,709.0,59601.0,14967.0,0
888,Salaried,609.0,56545.0,7972.0,1
889,Contract,651.0,15000.0,15874.0,1
890,Self-Employed,548.0,55487.0,5727.0,1
891,Self-Employed,516.0,74197.0,12944.0,1
892,Salaried,624.0,62324.0,9680.0,1
893,Contract,628.0,54152.0,13612.0,1
894,Contract,616.0,45019.0,17598.0,1
895,Self-Employed,628.0,61490.0,23452.0,1
896,Salaried,636.0,60526.0,14381.0,0
897,Salaried,592.0,28751.0,17465.0,1
898,Salaried,636.0,47464.0,18284.0,1
899,Salaried,704.0,56012.0,15758.0,0
900,Salaried,741.0,67216.0,16227.0,0
901,Self-Employed,749.0,65796.0,29039.0,0
902,Contract,585.0,49562.0,16227.0,1
903,Contract,644.0,63043.0,25601.0,0
904,Self-Employed,623.0,58922.0,23717.0,1
905,Self-Employed,621.0,68507.0,14247.0,1
906,Salaried,742.0,80773.0,7082.0,0
907,Salaried,623.0,15000.0,16425.0,1
908,Salaried,613.0,15000.0,12944.0,1
909,Salaried,591.0,44271.0,1000.0,1
910,Contract,628.0,78636.0,25879.0,0
911,Self-Employed,603.0,77236.0,14043.0,0
912,Salaried,653.0,63524.0,24174.0,0
913,Contract,629.0,73755.0,12037.0,1
914,Salaried,750.0,35013.0,19604.0,1
915,Salaried,,48909.0,10782.0,0
916,Salaried,565.0,51795.0,11203.0,1
917,Salaried,638.0,48061.0,21055.0,1
918,Salaried,669.0,43035.0,15615.0,0
919,Salaried,695.0,88902.0,27480.0,0
920,Self-Employed,572.0,74110.0,16192.0,1
921,Contract,,33187.0,11666.0,1
922,Salaried,620.0,81577.0,10169.0,1
923,Salaried,696.0,55969.0,12669.0,0
924,Salaried,677.0,78073.0,12274.0,0
925,Salaried,674.0,44522.0,25251.0,0
926,Self-Employed,513.0,55322.0,14294.0,1
927,Contract,475.0,35649.0,11949.0,1
928,Self-Employed,604.0,64870.0,27881.0,1
929,Salaried,637.0,23158.0,16139.0,0
930,Self-Employed,631.0,23504.0,23086.0,1
931,Salaried,653.0,35108.0,25736.0,1
932,Contract,566.0,47551.0,14691.0,1
933,Salaried,774.0,87332.0,26425.0,0
934,Salaried,560.0,86865.0,20374.0,1
935,Self-Employed,693.0,70760.0,8632.0,0
936,Self-Employed,720.0,55745.0,10512.0,0
937,Self-Employed,553.0,50078.0,12756.0,1
938,Salaried,617.0,68576.0,11284.0,0
939,Self-Employed,647.0,66760.0,16249.0,0
940,Salaried,612.0,65400.0,15123.0,1
941,Salaried,557.0,61251.0,6676.0,1
942,Self-Employed,648.0,47416.0,26170.0,1
943,Self-Employed,621.0,42737.0,15365.0,1
944,Salaried,604.0,53066.0,29023.0,1
945,Contract,657.0,93618.0,11699.0,0
946,Self-Employed,664.0,55067.0,5969.0,0
947,Salaried,624.0,65491.0,16761.0,1
948,Salaried,607.0,59240.0,23435.0,1
949,Salaried,647.0,80597.0,16195.0,1
950,Self-Employed,545.0,78812.0,13285.0,1
951,Salaried,579.0,58657.0,22533.0,1
952,Salaried,665.0,43902.0,6731.0,0
953,Salaried,657.0,15000.0,11108.0,1
954,Contract,,65076.0,18547.0,0
955,Self-Employed,576.0,40374.0,18527.0,1
956,Self-Employed,643.0,18412.0,1170.0,1
957,Self-Employed,574.0,71747.0,8877.0,1
958,Contract,626.0,29389.0,6944.0,1
959,Salaried,656.0,91300.0,17476.0,0
960,Salaried,539.0,46842.0,21901.0,1
961,Salaried,,47325.0,13348.0,1
962,Salaried,594.0,46497.0,15224.0,1
963,Salaried,637.0,72909.0,9738.0,1
964,Salaried,735.0,55080.0,12647.0,0
965,Salaried,614.0,77607.0,15545.0,0
966,Self-Employed,661.0,47423.0,14543.0,0
967,Salaried,700.0,52662.0,22674.0,0
968,Self-Employed,584.0,64282.0,4274.0,1
969,Self-Employed,613.0,57699.0,16525.0,0
970,Salaried,657.0,40263.0,25299.0,1
971,Salaried,630.0,45853.0,12380.0,0
972,Salaried,651.0,66443.0,16079.0,0
973,Self-Employed,656.0,46809.0,21409.0,1
974,Salaried,617.0,38627.0,20545.0,1
975,Self-Employed,554.0,57339.0,18667.0,1
976,Contract,548.0,15000.0,9299.0,1
977,Contract,596.0,65906.0,8679.0,1
978,Self-Employed,667.0,71317.0,16888.0,0
979,Salaried,,40893.0,1561.0,0
980,Salaried,617.0,67817.0,15102.0,0
981,Self-Employed,575.0,66474.0,13134.0,1
982,Self-Employed,571.0,67646.0,13548.0,1
983,Salaried,628.0,46342.0,17278.0,0
984,Self-Employed,583.0,68534.0,26752.0,1
985,Self-Employed,614.0,42184.0,19299.0,1
986,Self-Employed,636.0,71904.0,19048.0,1
987,Salaried,717.0,76854.0,12146.0,0
988,Salaried,703.0,38080.0,13280.0,1
989,Salaried,537.0,25968.0,16919.0,1
990,Self-Employed,,67589.0,20490.0,1
991,Contract,558.0,29007.0,13761.0,1
992,Self-Employed,694.0,23350.0,18196.0,1
993,Salaried,684.0,56294.0,10702.0,0
994,Salaried,539.0,32320.0,2109.0,1
995,Self-Employed,679.0,37223.0,12066.0,1
996,Salaried,654.0,86629.0,19628.0,0
997,Contract,679.0,27028.0,7130.0,1
998,Contract,758.0,24036.0,1000.0,0
999,Salaried,691.0,66392.0,28154.0,1
1000,Self-Employed,669.0,54720.0,10574.0,0
1001,Salaried,594.0,74478.0,9469.0,1
1002,Contract,620.0,20735.0,13848.0,1
1003,Salaried,651.0,50096.0,15236.0,1
1004,Salaried,708.0,67516.0,12305.0,0
1005,Contract,587.0,72156.0,13326.0,1
1006,Salaried,539.0,96071.0,17610.0,1
1007,Contract,721.0,80358.0,1712.0,0
1008,Self-Employed,720.0,15000.0,9083.0,0
1009,Contract,585.0,43670.0,18540.0,1
1010,Salaried,,73119.0,5805.0,0
1011,Salaried,668.0,36770.0,21382.0,1
1012,Contract,,65878.0,13661.0,0
1013,Salaried,590.0,65568.0,16892.0,1
1014,Self-Employed,713.0,17475.0,18708.0,1
1015,Salaried,609.0,15000.0,16053.0,1
1016,Salaried,567.0,51929.0,13670.0,1
1017,Self-Employed,626.0,35577.0,11291.0,1
1018,Salaried,713.0,66010.0,12990.0,0
1019,Contract,710.0,70560.0,16091.0,1
1020,Salaried,701.0,48460.0,18140.0,0
1021,Self-Employed,614.0,73320.0,5254.0,0
1022,Self-Employed,683.0,49620.0,16786.0,0
1023,Salaried,614.0,41361.0,11066.0,1
1024,Self-Employed,686.0,30989.0,20036.0,0
1025,Salaried,615.0,67447.0,7525.0,1
1026,Self-Employed,594.0,30614.0,28686.0,1
1027,Salaried,,24122.0,16715.0,1
1028,Contract,,44570.0,17815.0,1
1029,Contract,605.0,71701.0,27526.0,1
1030,Self-Employed,650.0,72406.0,8014.0,1
1031,Salaried,625.0,45420.0,15946.0,1
1032,Salaried,588.0,69520.0,17299.0,1
1033,Contract,682.0,49065.0,11051.0,1
1034,Self-Employed,630.0,77551.0,24773.0,1
1035,Salaried,621.0,77436.0,6733.0,0
1036,Self-Employed,588.0,67554.0,15651.0,1
1037,Salaried,712.0,54424.0,9450.0,0
1038,Salaried,656.0,35963.0,17977.0,1
1039,Salaried,570.0,31049.0,14677.0,1
1040,Contract,671.0,64722.0,13261.0,0
1041,Salaried,690.0,81194.0,6296.0,0
1042,Salaried,601.0,60177.0,10318.0,1
1043,Self-Employed,623.0,80742.0,23229.0,1
1044,Contract,627.0,85243.0,17017.0,1
1045,Contract,710.0,98521.0,22688.0,1
1046,Contract,661.0,54808.0,22784.0,1
1047,Salaried,,44051.0,9007.0,0
1048,Salaried,695.0,85352.0,20211.0,0
1049,Salaried,629.0,86800.0,3833.0,0
1050,Salaried,617.0,90799.0,14471.0,1
1051,Salaried,658.0,82639.0,19401.0,0
1052,Salaried,580.0,80157.0,21977.0,1
1053,Salaried,675.0,62466.0,14541.0,1
1054,Salaried,651.0,85682.0,1000.0,0
1055,Salaried,718.0,38102.0,10535.0,1
1056,Salaried,661.0,32019.0,13263.0,0
1057,Contract,620.0,39774.0,17731.0,1
1058,Salaried,752.0,46899.0,11756.0,0
1059,Salaried,710.0,65760.0,13026.0,0
1060,Self-Employed,712.0,72996.0,11302.0,0
1061,Self-Employed,764.0,18618.0,13372.0,0
1062,Salaried,686.0,69950.0,2437.0,0
1063,Contract,613.0,42385.0,22223.0,0
1064,Salaried,749.0,71043.0,9551.0,0
1065,Contract,,85030.0,27999.0,1
1066,Self-Employed,635.0,107474.0,1884.0,1
1067,Salaried,599.0,48849.0,15775.0,1
1068,Self-Employed,667.0,39299.0,7695.0,0
1069,Contract,,83106.0,15891.0,1
1070,Self-Employed,721.0,46746.0,17036.0,1
1071,Salaried,633.0,31160.0,5501.0,1
1072,Salaried,642.0,73237.0,1221.0,1
1073,Contract,586.0,67482.0,15700.0,1
1074,Self-Employed,,70636.0,11115.0,1
1075,Salaried,666.0,28199.0,1000.0,0
1076,Contract,580.0,33836.0,7032.0,1
1077,Self-Employed,656.0,49738.0,2806.0,0
1078,Salaried,677.0,32878.0,12297.0,0
1079,Contract,641.0,101318.0,14548.0,0
1080,Self-Employed,722.0,45770.0,14798.0,0
1081,Salaried,659.0,27012.0,16532.0,0
1082,Self-Employed,655.0,79313.0,20679.0,1
1083,Contract,652.0,22286.0,12254.0,1
1084,Self-Employed,586.0,31015.0,20185.0,1
1085,Contract,690.0,54246.0,11133.0,0
1086,Salaried,641.0,64814.0,13401.0,1
1087,Salaried,639.0,104031.0,3356.0,0
1088,Salaried,650.0,74758.0,15413.0,1
1089,Self-Employed,660.0,63128.0,20157.0,0
1090,Contract,691.0,41040.0,1567.0,0
1091,Salaried,582.0,76316.0,13500.0,1
1092,Salaried,694.0,49111.0,11120.0,0
1093,Self-Employed,574.0,88515.0,20019.0,1
1094,Self-Employed,659.0,67120.0,14495.0,1
1095,Contract,665.0,34758.0,23153.0,1
1096,Salaried,652.0,73980.0,26873.0,0
1097,Contract,740.0,19729.0,20114.0,1
1098,Salaried,,34405.0,14522.0,1
1099,Salaried,691.0,79277.0,18252.0,0
1100,Salaried,590.0,75069.0,21497.0,1
1101,Salaried,522.0,72303.0,28825.0,1
1102,Salaried,534.0,53113.0,16728.0,1
1103,Self-Employed,643.0,46822.0,11354.0,0
1104,Salaried,620.0,41531.0,12948.0,1
1105,Contract,745.0,63092.0,16756.0,0
1106,Contract,714.0,46174.0,14675.0,0
1107,Salaried,579.0,73378.0,12546.0,1
1108,Salaried,677.0,20343.0,11436.0,1
1109,Contract,618.0,69987.0,8669.0,1
1110,Salaried,669.0,58039.0,8083.0,1
1111,Self-Employed,,23364.0,2547.0,0
1112,Self-Employed,660.0,65762.0,25661.0,1
1113,Salaried,618.0,31338.0,8464.0,1
1114,Contract,636.0,54138.0,17346.0,1
1115,Self-Employed,660.0,49614.0,10587.0,0
1116,Contract,624.0,29756.0,12024.0,0
1117,Self-Employed,689.0,86770.0,14981.0,1
1118,Self-Employed,669.0,58549.0,20015.0,1
1119,Contract,780.0,15000.0,12474.0,0
1120,Salaried,558.0,60155.0,15631.0,1
1121,Self-Employed,616.0,79864.0,5185.0,1
1122,Self-Employed,628.0,53732.0,8302.0,1
1123,Self-Employed,665.0,48319.0,8416.0,1
1124,Self-Employed,652.0,46492.0,26907.0,1
1125,Contract,644.0,66312.0,21844.0,1
1126,Self-Employed,685.0,52400.0,13726.0,0
1127,Self-Employed,741.0,34992.0,13507.0,0
1128,Self-Employed,656.0,54992.0,20624.0,1
1129,Contract,663.0,29873.0,10360.0,1
1130,Salaried,544.0,108269.0,2073.0,1
1131,Salaried,556.0,59492.0,20880.0,1
1132,Salaried,555.0,31021.0,25992.0,1
1133,Salaried,654.0,90822.0,27187.0,0
1134,Salaried,555.0,35511.0,14143.0,1
1135,Salaried,669.0,15000.0,12163.0,1
1136,Salaried,662.0,75042.0,12119.0,0
1137,Self-Employed,721.0,104108.0,11246.0,0
1138,Salaried,575.0,43321.0,6114.0,1
1139,Salaried,666.0,51340.0,29654.0,1
1140,Salaried,678.0,69081.0,15542.0,0
1141,Contract,519.0,15000.0,8330.0,1
1142,Self-Employed,624.0,27531.0,1000.0,0
1143,Self-Employed,672.0,32318.0,19400.0,0
1144,Self-Employed,599.0,48611.0,2920.0,1
1145,Self-Employed,,78425.0,21788.0,0
1146,Salaried,659.0,66162.0,17516.0,1
1147,Self-Employed,805.0,72465.0,11390.0,0
1148,Salaried,577.0,97775.0,18117.0,1
1149,Self-Employed,661.0,39906.0,19176.0,0
1150,Contract,656.0,61286.0,29664.0,1
1151,Contract,562.0,62693.0,30065.0,1
1152,Self-Employed,641.0,92447.0,15512.0,1
1153,Self-Employed,741.0,71304.0,27998.0,0
1154,Salaried,575.0,41566.0,16687.0,1
1155,Contract,740.0,51058.0,29793.0,0
1156,Contract,612.0,47460.0,16006.0,1
1157,Contract,580.0,55829.0,23229.0,1
1158,Salaried,591.0,68737.0,19438.0,0
1159,Salaried,601.0,73409.0,19277.0,1
1160,Self-Employed,635.0,44762.0,11890.0,0
1161,Self-Employed,610.0,46370.0,24590.0,1
1162,Contract,673.0,33736.0,21462.0,0
1163,Salaried,658.0,63954.0,13841.0,1
1164,Contract,687.0,31870.0,20911.0,1
1165,Salaried,676.0,70340.0,19536.0,0
1166,Salaried,703.0,47639.0,27513.0,0
1167,Contract,639.0,40491.0,10239.0,1
1168,Salaried,,50633.0,11091.0,1
1169,Contract,624.0,66358.0,15496.0,1
1170,Self-Employed,,32270.0,16103.0,0
1171,Self-Employed,771.0,59360.0,13205.0,0
1172,Salaried,537.0,51018.0,19449.0,1
1173,Contract,685.0,77374.0,22189.0,1
1174,Salaried,744.0,105383.0,14209.0,0
1175,Salaried,707.0,21758.0,11549.0,0
1176,Self-Employed,616.0,46029.0,17106.0,1
1177,Self-Employed,669.0,43315.0,16839.0,0
1178,Salaried,607.0,51204.0,3824.0,1
1179,Contract,,24490.0,13351.0,1
1180,Self-Employed,,57315.0,14427.0,1
1181,Contract,689.0,63674.0,24875.0,1
1182,Salaried,663.0,114571.0,13394.0,0
1183,Self-Employed,633.0,39429.0,2967.0,1
1184,Salaried,639.0,64887.0,8352.0,1
1185,Salaried,602.0,57136.0,13153.0,1
1186,Contract,587.0,39142.0,18951.0,1
1187,Salaried,,25705.0,21346.0,0
1188,Salaried,709.0,41112.0,15643.0,0
1189,Salaried,733.0,86575.0,8578.0,0
1190,Salaried,675.0,71400.0,11679.0,0
1191,Self-Employed,642.0,44169.0,6649.0,1
1192,Salaried,701.0,59136.0,21993.0,0
1193,Salaried,665.0,63337.0,17256.0,1
1194,Self-Employed,681.0,72679.0,14393.0,1
1195,Self-Employed,580.0,38716.0,27241.0,1
1196,Salaried,701.0,61815.0,13037.0,0
1197,Self-Employed,726.0,40067.0,11765.0,0
1198,Self-Employed,590.0,41402.0,5668.0,1
1199,Contract,604.0,83355.0,11306.0,1
1200,Contract,759.0,48872.0,16046.0,0
